Session ID,Source,Destination,FL,VRF,TimeStamp,Histogram Template,Histogram Value,Packet Counter,Histogram type,Min,Max,Liveness flag,Telemetry Period
1,1.1.1.2,1.1.1.1,Spray,Measurement,2024-07-05 14:57:42.825258,"['0-10', '10-20', '20-30', '30-40', '40-50', '50-60', '60-70', '70-80', '80-90', '90-100', '100-110', '110-120', '120-130', '130-140', '140-150', '150-160', '160-170', '170-180', '180-190', '190-200', '200-210', '210-220', '220-230', '230-240', '240-250', '250-260', '260-270', '270-280', '280-290', '290-300']","[0, 61, 0, 0, 0, 0, 0, 0, 0, 0, 0, 0, 0, 0, 0, 0, 0, 0, 0, 0, 0, 0, 0, 0, 0, 0, 0, 0, 0, 0]",61,White,10.0,10.0,True,1.0
1,1.1.1.3,1.1.1.1,Spray,Measurement,2024-07-05 14:57:42.825258,"['0-10', '10-20', '20-30', '30-40', '40-50', '50-60', '60-70', '70-80', '80-90', '90-100', '100-110', '110-120', '120-130', '130-140', '140-150', '150-160', '160-170', '170-180', '180-190', '190-200', '200-210', '210-220', '220-230', '230-240', '240-250', '250-260', '260-270', '270-280', '280-290', '290-300']","[0, 0, 0, 61, 0, 0, 0, 0, 0, 0, 0, 0, 0, 0, 0, 0, 0, 0, 0, 0, 0, 0, 0, 0, 0, 0, 0, 0, 0, 0]",61,White,30.0,30.0,True,1.0
1,1.1.1.4,1.1.1.1,Spray,Measurement,2024-07-05 14:57:42.825258,"['0-10', '10-20', '20-30', '30-40', '40-50', '50-60', '60-70', '70-80', '80-90', '90-100', '100-110', '110-120', '120-130', '130-140', '140-150', '150-160', '160-170', '170-180', '180-190', '190-200', '200-210', '210-220', '220-230', '230-240', '240-250', '250-260', '260-270', '270-280', '280-290', '290-300']","[0, 61, 0, 0, 0, 0, 0, 0, 0, 0, 0, 0, 0, 0, 0, 0, 0, 0, 0, 0, 0, 0, 0, 0, 0, 0, 0, 0, 0, 0]",61,White,15.0,15.0,True,1.0
1,1.1.1.5,1.1.1.1,Spray,Measurement,2024-07-05 14:57:42.825258,"['0-10', '10-20', '20-30', '30-40', '40-50', '50-60', '60-70', '70-80', '80-90', '90-100', '100-110', '110-120', '120-130', '130-140', '140-150', '150-160', '160-170', '170-180', '180-190', '190-200', '200-210', '210-220', '220-230', '230-240', '240-250', '250-260', '260-270', '270-280', '280-290', '290-300']","[0, 0, 14, 22, 0, 0, 25, 0, 0, 0, 0, 0, 0, 0, 0, 0, 0, 0, 0, 0, 0, 0, 0, 0, 0, 0, 0, 0, 0, 0]",61,White,20.0,60.0,True,1.0
1,1.1.1.1,1.1.1.2,Spray,Measurement,2024-07-05 14:57:42.825258,"['0-10', '10-20', '20-30', '30-40', '40-50', '50-60', '60-70', '70-80', '80-90', '90-100', '100-110', '110-120', '120-130', '130-140', '140-150', '150-160', '160-170', '170-180', '180-190', '190-200', '200-210', '210-220', '220-230', '230-240', '240-250', '250-260', '260-270', '270-280', '280-290', '290-300']","[0, 61, 0, 0, 0, 0, 0, 0, 0, 0, 0, 0, 0, 0, 0, 0, 0, 0, 0, 0, 0, 0, 0, 0, 0, 0, 0, 0, 0, 0]",61,White,10.0,10.0,True,1.0
1,1.1.1.3,1.1.1.2,Spray,Measurement,2024-07-05 14:57:42.825258,"['0-10', '10-20', '20-30', '30-40', '40-50', '50-60', '60-70', '70-80', '80-90', '90-100', '100-110', '110-120', '120-130', '130-140', '140-150', '150-160', '160-170', '170-180', '180-190', '190-200', '200-210', '210-220', '220-230', '230-240', '240-250', '250-260', '260-270', '270-280', '280-290', '290-300']","[0, 0, 0, 0, 61, 0, 0, 0, 0, 0, 0, 0, 0, 0, 0, 0, 0, 0, 0, 0, 0, 0, 0, 0, 0, 0, 0, 0, 0, 0]",61,White,40.0,40.0,True,1.0
1,1.1.1.4,1.1.1.2,Spray,Measurement,2024-07-05 14:57:42.825258,"['0-10', '10-20', '20-30', '30-40', '40-50', '50-60', '60-70', '70-80', '80-90', '90-100', '100-110', '110-120', '120-130', '130-140', '140-150', '150-160', '160-170', '170-180', '180-190', '190-200', '200-210', '210-220', '220-230', '230-240', '240-250', '250-260', '260-270', '270-280', '280-290', '290-300']","[0, 0, 61, 0, 0, 0, 0, 0, 0, 0, 0, 0, 0, 0, 0, 0, 0, 0, 0, 0, 0, 0, 0, 0, 0, 0, 0, 0, 0, 0]",61,White,25.0,25.0,True,1.0
1,1.1.1.5,1.1.1.2,Spray,Measurement,2024-07-05 14:57:42.825258,"['0-10', '10-20', '20-30', '30-40', '40-50', '50-60', '60-70', '70-80', '80-90', '90-100', '100-110', '110-120', '120-130', '130-140', '140-150', '150-160', '160-170', '170-180', '180-190', '190-200', '200-210', '210-220', '220-230', '230-240', '240-250', '250-260', '260-270', '270-280', '280-290', '290-300']","[0, 61, 0, 0, 0, 0, 0, 0, 0, 0, 0, 0, 0, 0, 0, 0, 0, 0, 0, 0, 0, 0, 0, 0, 0, 0, 0, 0, 0, 0]",61,White,10.0,10.0,True,1.0
1,1.1.1.1,1.1.1.3,Spray,Measurement,2024-07-05 14:57:42.825258,"['0-10', '10-20', '20-30', '30-40', '40-50', '50-60', '60-70', '70-80', '80-90', '90-100', '100-110', '110-120', '120-130', '130-140', '140-150', '150-160', '160-170', '170-180', '180-190', '190-200', '200-210', '210-220', '220-230', '230-240', '240-250', '250-260', '260-270', '270-280', '280-290', '290-300']","[0, 0, 0, 61, 0, 0, 0, 0, 0, 0, 0, 0, 0, 0, 0, 0, 0, 0, 0, 0, 0, 0, 0, 0, 0, 0, 0, 0, 0, 0]",61,White,30.0,30.0,True,1.0
1,1.1.1.2,1.1.1.3,Spray,Measurement,2024-07-05 14:57:42.825258,"['0-10', '10-20', '20-30', '30-40', '40-50', '50-60', '60-70', '70-80', '80-90', '90-100', '100-110', '110-120', '120-130', '130-140', '140-150', '150-160', '160-170', '170-180', '180-190', '190-200', '200-210', '210-220', '220-230', '230-240', '240-250', '250-260', '260-270', '270-280', '280-290', '290-300']","[0, 0, 0, 0, 61, 0, 0, 0, 0, 0, 0, 0, 0, 0, 0, 0, 0, 0, 0, 0, 0, 0, 0, 0, 0, 0, 0, 0, 0, 0]",61,White,40.0,40.0,True,1.0
1,1.1.1.4,1.1.1.3,Spray,Measurement,2024-07-05 14:57:42.825258,"['0-10', '10-20', '20-30', '30-40', '40-50', '50-60', '60-70', '70-80', '80-90', '90-100', '100-110', '110-120', '120-130', '130-140', '140-150', '150-160', '160-170', '170-180', '180-190', '190-200', '200-210', '210-220', '220-230', '230-240', '240-250', '250-260', '260-270', '270-280', '280-290', '290-300']","[0, 0, 0, 0, 61, 0, 0, 0, 0, 0, 0, 0, 0, 0, 0, 0, 0, 0, 0, 0, 0, 0, 0, 0, 0, 0, 0, 0, 0, 0]",61,White,45.0,45.0,True,1.0
1,1.1.1.5,1.1.1.3,Spray,Measurement,2024-07-05 14:57:42.825258,"['0-10', '10-20', '20-30', '30-40', '40-50', '50-60', '60-70', '70-80', '80-90', '90-100', '100-110', '110-120', '120-130', '130-140', '140-150', '150-160', '160-170', '170-180', '180-190', '190-200', '200-210', '210-220', '220-230', '230-240', '240-250', '250-260', '260-270', '270-280', '280-290', '290-300']","[0, 0, 0, 61, 0, 0, 0, 0, 0, 0, 0, 0, 0, 0, 0, 0, 0, 0, 0, 0, 0, 0, 0, 0, 0, 0, 0, 0, 0, 0]",61,White,30.0,30.0,True,1.0
1,1.1.1.1,1.1.1.4,Spray,Measurement,2024-07-05 14:57:42.825258,"['0-10', '10-20', '20-30', '30-40', '40-50', '50-60', '60-70', '70-80', '80-90', '90-100', '100-110', '110-120', '120-130', '130-140', '140-150', '150-160', '160-170', '170-180', '180-190', '190-200', '200-210', '210-220', '220-230', '230-240', '240-250', '250-260', '260-270', '270-280', '280-290', '290-300']","[0, 61, 0, 0, 0, 0, 0, 0, 0, 0, 0, 0, 0, 0, 0, 0, 0, 0, 0, 0, 0, 0, 0, 0, 0, 0, 0, 0, 0, 0]",61,White,15.0,15.0,True,1.0
1,1.1.1.2,1.1.1.4,Spray,Measurement,2024-07-05 14:57:42.825258,"['0-10', '10-20', '20-30', '30-40', '40-50', '50-60', '60-70', '70-80', '80-90', '90-100', '100-110', '110-120', '120-130', '130-140', '140-150', '150-160', '160-170', '170-180', '180-190', '190-200', '200-210', '210-220', '220-230', '230-240', '240-250', '250-260', '260-270', '270-280', '280-290', '290-300']","[0, 0, 61, 0, 0, 0, 0, 0, 0, 0, 0, 0, 0, 0, 0, 0, 0, 0, 0, 0, 0, 0, 0, 0, 0, 0, 0, 0, 0, 0]",61,White,25.0,25.0,True,1.0
1,1.1.1.3,1.1.1.4,Spray,Measurement,2024-07-05 14:57:42.825258,"['0-10', '10-20', '20-30', '30-40', '40-50', '50-60', '60-70', '70-80', '80-90', '90-100', '100-110', '110-120', '120-130', '130-140', '140-150', '150-160', '160-170', '170-180', '180-190', '190-200', '200-210', '210-220', '220-230', '230-240', '240-250', '250-260', '260-270', '270-280', '280-290', '290-300']","[0, 0, 0, 0, 61, 0, 0, 0, 0, 0, 0, 0, 0, 0, 0, 0, 0, 0, 0, 0, 0, 0, 0, 0, 0, 0, 0, 0, 0, 0]",61,White,45.0,45.0,True,1.0
1,1.1.1.5,1.1.1.4,Spray,Measurement,2024-07-05 14:57:42.825258,"['0-10', '10-20', '20-30', '30-40', '40-50', '50-60', '60-70', '70-80', '80-90', '90-100', '100-110', '110-120', '120-130', '130-140', '140-150', '150-160', '160-170', '170-180', '180-190', '190-200', '200-210', '210-220', '220-230', '230-240', '240-250', '250-260', '260-270', '270-280', '280-290', '290-300']","[0, 61, 0, 0, 0, 0, 0, 0, 0, 0, 0, 0, 0, 0, 0, 0, 0, 0, 0, 0, 0, 0, 0, 0, 0, 0, 0, 0, 0, 0]",61,White,15.0,15.0,True,1.0
1,1.1.1.1,1.1.1.5,Spray,Measurement,2024-07-05 14:57:42.825258,"['0-10', '10-20', '20-30', '30-40', '40-50', '50-60', '60-70', '70-80', '80-90', '90-100', '100-110', '110-120', '120-130', '130-140', '140-150', '150-160', '160-170', '170-180', '180-190', '190-200', '200-210', '210-220', '220-230', '230-240', '240-250', '250-260', '260-270', '270-280', '280-290', '290-300']","[0, 0, 15, 19, 0, 0, 27, 0, 0, 0, 0, 0, 0, 0, 0, 0, 0, 0, 0, 0, 0, 0, 0, 0, 0, 0, 0, 0, 0, 0]",61,White,20.0,60.0,True,1.0
1,1.1.1.2,1.1.1.5,Spray,Measurement,2024-07-05 14:57:42.825258,"['0-10', '10-20', '20-30', '30-40', '40-50', '50-60', '60-70', '70-80', '80-90', '90-100', '100-110', '110-120', '120-130', '130-140', '140-150', '150-160', '160-170', '170-180', '180-190', '190-200', '200-210', '210-220', '220-230', '230-240', '240-250', '250-260', '260-270', '270-280', '280-290', '290-300']","[0, 61, 0, 0, 0, 0, 0, 0, 0, 0, 0, 0, 0, 0, 0, 0, 0, 0, 0, 0, 0, 0, 0, 0, 0, 0, 0, 0, 0, 0]",61,White,10.0,10.0,True,1.0
1,1.1.1.3,1.1.1.5,Spray,Measurement,2024-07-05 14:57:42.825258,"['0-10', '10-20', '20-30', '30-40', '40-50', '50-60', '60-70', '70-80', '80-90', '90-100', '100-110', '110-120', '120-130', '130-140', '140-150', '150-160', '160-170', '170-180', '180-190', '190-200', '200-210', '210-220', '220-230', '230-240', '240-250', '250-260', '260-270', '270-280', '280-290', '290-300']","[0, 0, 0, 61, 0, 0, 0, 0, 0, 0, 0, 0, 0, 0, 0, 0, 0, 0, 0, 0, 0, 0, 0, 0, 0, 0, 0, 0, 0, 0]",61,White,30.0,30.0,True,1.0
1,1.1.1.4,1.1.1.5,Spray,Measurement,2024-07-05 14:57:42.825258,"['0-10', '10-20', '20-30', '30-40', '40-50', '50-60', '60-70', '70-80', '80-90', '90-100', '100-110', '110-120', '120-130', '130-140', '140-150', '150-160', '160-170', '170-180', '180-190', '190-200', '200-210', '210-220', '220-230', '230-240', '240-250', '250-260', '260-270', '270-280', '280-290', '290-300']","[0, 61, 0, 0, 0, 0, 0, 0, 0, 0, 0, 0, 0, 0, 0, 0, 0, 0, 0, 0, 0, 0, 0, 0, 0, 0, 0, 0, 0, 0]",61,White,15.0,15.0,True,1.0
1,1.1.1.2,1.1.1.1,Spray,Measurement,2024-07-05 14:57:53.627807,"['0-1', '1-2', '2-3', '3-4', '4-5', '5-6', '6-7', '7-8', '8-10', '10-11', '11-12', '12-13', '13-14', '14-15', '15-16', '16-17', '17-18', '18-19', '19-20', '20-21', '21-22', '22-23', '23-24', '24-25', '25-26', '26-27', '27-28', '28-29', '29-30', '30-300']","[0, 0, 0, 0, 0, 0, 0, 0, 0, 61, 0, 0, 0, 0, 0, 0, 0, 0, 0, 0, 0, 0, 0, 0, 0, 0, 0, 0, 0, 0]",61,White,10.0,10.0,True,1.0
1,1.1.1.3,1.1.1.1,Spray,Measurement,2024-07-05 14:57:53.627807,"['0-20', '20-21', '21-22', '22-23', '23-24', '24-25', '25-26', '26-27', '27-28', '28-30', '30-31', '31-32', '32-33', '33-34', '34-35', '35-36', '36-37', '37-38', '38-39', '39-40', '40-41', '41-42', '42-43', '43-44', '44-45', '45-46', '46-47', '47-48', '48-49', '49-50']","[0, 0, 0, 0, 0, 0, 0, 0, 0, 0, 61, 0, 0, 0, 0, 0, 0, 0, 0, 0, 0, 0, 0, 0, 0, 0, 0, 0, 0, 0]",61,White,30.0,30.0,True,1.0
1,1.1.1.4,1.1.1.1,Spray,Measurement,2024-07-05 14:57:53.627807,"['0-1', '1-2', '2-3', '3-4', '4-5', '5-6', '6-7', '7-8', '8-10', '10-11', '11-12', '12-13', '13-14', '14-15', '15-16', '16-17', '17-18', '18-19', '19-20', '20-21', '21-22', '22-23', '23-24', '24-25', '25-26', '26-27', '27-28', '28-29', '29-30', '30-300']","[0, 0, 0, 0, 0, 0, 0, 0, 0, 0, 0, 0, 0, 0, 61, 0, 0, 0, 0, 0, 0, 0, 0, 0, 0, 0, 0, 0, 0, 0]",61,White,15.0,15.0,True,1.0
1,1.1.1.5,1.1.1.1,Spray,Measurement,2024-07-05 14:57:53.627807,"['0-10', '10-12', '12-14', '14-16', '16-20', '20-22', '22-24', '24-26', '26-30', '30-32', '32-34', '34-36', '36-40', '40-42', '42-44', '44-46', '46-50', '50-52', '52-54', '54-56', '56-58', '58-60', '60-61', '61-62', '62-63', '63-64', '64-65', '65-70', '70-71', '71-72']","[0, 0, 0, 0, 0, 15, 0, 0, 0, 23, 0, 0, 0, 0, 0, 0, 0, 0, 0, 0, 0, 0, 23, 0, 0, 0, 0, 0, 0, 0]",61,White,20.0,60.0,True,1.0
1,1.1.1.1,1.1.1.2,Spray,Measurement,2024-07-05 14:57:53.627807,"['0-1', '1-2', '2-3', '3-4', '4-5', '5-6', '6-7', '7-8', '8-10', '10-11', '11-12', '12-13', '13-14', '14-15', '15-16', '16-17', '17-18', '18-19', '19-20', '20-21', '21-22', '22-23', '23-24', '24-25', '25-26', '26-27', '27-28', '28-29', '29-30', '30-300']","[0, 0, 0, 0, 0, 0, 0, 0, 0, 61, 0, 0, 0, 0, 0, 0, 0, 0, 0, 0, 0, 0, 0, 0, 0, 0, 0, 0, 0, 0]",61,White,10.0,10.0,True,1.0
1,1.1.1.3,1.1.1.2,Spray,Measurement,2024-07-05 14:57:53.627807,"['0-30', '30-31', '31-32', '32-33', '33-34', '34-35', '35-36', '36-37', '37-38', '38-40', '40-41', '41-42', '42-43', '43-44', '44-45', '45-46', '46-47', '47-48', '48-49', '49-50', '50-51', '51-52', '52-53', '53-54', '54-55', '55-56', '56-57', '57-58', '58-59', '59-60']","[0, 0, 0, 0, 0, 0, 0, 0, 0, 0, 61, 0, 0, 0, 0, 0, 0, 0, 0, 0, 0, 0, 0, 0, 0, 0, 0, 0, 0, 0]",61,White,40.0,40.0,True,1.0
1,1.1.1.4,1.1.1.2,Spray,Measurement,2024-07-05 14:57:53.627807,"['0-10', '10-11', '11-12', '12-13', '13-14', '14-15', '15-16', '16-17', '17-18', '18-20', '20-21', '21-22', '22-23', '23-24', '24-25', '25-26', '26-27', '27-28', '28-29', '29-30', '30-31', '31-32', '32-33', '33-34', '34-35', '35-36', '36-37', '37-38', '38-39', '39-40']","[0, 0, 0, 0, 0, 0, 0, 0, 0, 0, 0, 0, 0, 0, 0, 61, 0, 0, 0, 0, 0, 0, 0, 0, 0, 0, 0, 0, 0, 0]",61,White,25.0,25.0,True,1.0
1,1.1.1.5,1.1.1.2,Spray,Measurement,2024-07-05 14:57:53.627807,"['0-1', '1-2', '2-3', '3-4', '4-5', '5-6', '6-7', '7-8', '8-10', '10-11', '11-12', '12-13', '13-14', '14-15', '15-16', '16-17', '17-18', '18-19', '19-20', '20-21', '21-22', '22-23', '23-24', '24-25', '25-26', '26-27', '27-28', '28-29', '29-30', '30-300']","[0, 0, 0, 0, 0, 0, 0, 0, 0, 61, 0, 0, 0, 0, 0, 0, 0, 0, 0, 0, 0, 0, 0, 0, 0, 0, 0, 0, 0, 0]",61,White,10.0,10.0,True,1.0
1,1.1.1.1,1.1.1.3,Spray,Measurement,2024-07-05 14:57:53.627807,"['0-20', '20-21', '21-22', '22-23', '23-24', '24-25', '25-26', '26-27', '27-28', '28-30', '30-31', '31-32', '32-33', '33-34', '34-35', '35-36', '36-37', '37-38', '38-39', '39-40', '40-41', '41-42', '42-43', '43-44', '44-45', '45-46', '46-47', '47-48', '48-49', '49-50']","[0, 0, 0, 0, 0, 0, 0, 0, 0, 0, 61, 0, 0, 0, 0, 0, 0, 0, 0, 0, 0, 0, 0, 0, 0, 0, 0, 0, 0, 0]",61,White,30.0,30.0,True,1.0
1,1.1.1.2,1.1.1.3,Spray,Measurement,2024-07-05 14:57:53.627807,"['0-30', '30-31', '31-32', '32-33', '33-34', '34-35', '35-36', '36-37', '37-38', '38-40', '40-41', '41-42', '42-43', '43-44', '44-45', '45-46', '46-47', '47-48', '48-49', '49-50', '50-51', '51-52', '52-53', '53-54', '54-55', '55-56', '56-57', '57-58', '58-59', '59-60']","[0, 0, 0, 0, 0, 0, 0, 0, 0, 0, 61, 0, 0, 0, 0, 0, 0, 0, 0, 0, 0, 0, 0, 0, 0, 0, 0, 0, 0, 0]",61,White,40.0,40.0,True,1.0
1,1.1.1.4,1.1.1.3,Spray,Measurement,2024-07-05 14:57:53.627807,"['0-30', '30-31', '31-32', '32-33', '33-34', '34-35', '35-36', '36-37', '37-38', '38-40', '40-41', '41-42', '42-43', '43-44', '44-45', '45-46', '46-47', '47-48', '48-49', '49-50', '50-51', '51-52', '52-53', '53-54', '54-55', '55-56', '56-57', '57-58', '58-59', '59-60']","[0, 0, 0, 0, 0, 0, 0, 0, 0, 0, 0, 0, 0, 0, 0, 61, 0, 0, 0, 0, 0, 0, 0, 0, 0, 0, 0, 0, 0, 0]",61,White,45.0,45.0,True,1.0
1,1.1.1.5,1.1.1.3,Spray,Measurement,2024-07-05 14:57:53.627807,"['0-20', '20-21', '21-22', '22-23', '23-24', '24-25', '25-26', '26-27', '27-28', '28-30', '30-31', '31-32', '32-33', '33-34', '34-35', '35-36', '36-37', '37-38', '38-39', '39-40', '40-41', '41-42', '42-43', '43-44', '44-45', '45-46', '46-47', '47-48', '48-49', '49-50']","[0, 0, 0, 0, 0, 0, 0, 0, 0, 0, 61, 0, 0, 0, 0, 0, 0, 0, 0, 0, 0, 0, 0, 0, 0, 0, 0, 0, 0, 0]",61,White,30.0,30.0,True,1.0
1,1.1.1.1,1.1.1.4,Spray,Measurement,2024-07-05 14:57:53.627807,"['0-1', '1-2', '2-3', '3-4', '4-5', '5-6', '6-7', '7-8', '8-10', '10-11', '11-12', '12-13', '13-14', '14-15', '15-16', '16-17', '17-18', '18-19', '19-20', '20-21', '21-22', '22-23', '23-24', '24-25', '25-26', '26-27', '27-28', '28-29', '29-30', '30-300']","[0, 0, 0, 0, 0, 0, 0, 0, 0, 0, 0, 0, 0, 0, 61, 0, 0, 0, 0, 0, 0, 0, 0, 0, 0, 0, 0, 0, 0, 0]",61,White,15.0,15.0,True,1.0
1,1.1.1.2,1.1.1.4,Spray,Measurement,2024-07-05 14:57:53.627807,"['0-10', '10-11', '11-12', '12-13', '13-14', '14-15', '15-16', '16-17', '17-18', '18-20', '20-21', '21-22', '22-23', '23-24', '24-25', '25-26', '26-27', '27-28', '28-29', '29-30', '30-31', '31-32', '32-33', '33-34', '34-35', '35-36', '36-37', '37-38', '38-39', '39-40']","[0, 0, 0, 0, 0, 0, 0, 0, 0, 0, 0, 0, 0, 0, 0, 61, 0, 0, 0, 0, 0, 0, 0, 0, 0, 0, 0, 0, 0, 0]",61,White,25.0,25.0,True,1.0
1,1.1.1.3,1.1.1.4,Spray,Measurement,2024-07-05 14:57:53.627807,"['0-30', '30-31', '31-32', '32-33', '33-34', '34-35', '35-36', '36-37', '37-38', '38-40', '40-41', '41-42', '42-43', '43-44', '44-45', '45-46', '46-47', '47-48', '48-49', '49-50', '50-51', '51-52', '52-53', '53-54', '54-55', '55-56', '56-57', '57-58', '58-59', '59-60']","[0, 0, 0, 0, 0, 0, 0, 0, 0, 0, 0, 0, 0, 0, 0, 61, 0, 0, 0, 0, 0, 0, 0, 0, 0, 0, 0, 0, 0, 0]",61,White,45.0,45.0,True,1.0
1,1.1.1.5,1.1.1.4,Spray,Measurement,2024-07-05 14:57:53.627807,"['0-1', '1-2', '2-3', '3-4', '4-5', '5-6', '6-7', '7-8', '8-10', '10-11', '11-12', '12-13', '13-14', '14-15', '15-16', '16-17', '17-18', '18-19', '19-20', '20-21', '21-22', '22-23', '23-24', '24-25', '25-26', '26-27', '27-28', '28-29', '29-30', '30-300']","[0, 0, 0, 0, 0, 0, 0, 0, 0, 0, 0, 0, 0, 0, 61, 0, 0, 0, 0, 0, 0, 0, 0, 0, 0, 0, 0, 0, 0, 0]",61,White,15.0,15.0,True,1.0
1,1.1.1.1,1.1.1.5,Spray,Measurement,2024-07-05 14:57:53.627807,"['0-10', '10-12', '12-14', '14-16', '16-20', '20-22', '22-24', '24-26', '26-30', '30-32', '32-34', '34-36', '36-40', '40-42', '42-44', '44-46', '46-50', '50-52', '52-54', '54-56', '56-58', '58-60', '60-61', '61-62', '62-63', '63-64', '64-65', '65-70', '70-71', '71-72']","[0, 0, 0, 0, 0, 19, 0, 0, 0, 22, 0, 0, 0, 0, 0, 0, 0, 0, 0, 0, 0, 0, 20, 0, 0, 0, 0, 0, 0, 0]",61,White,20.0,60.0,True,1.0
1,1.1.1.2,1.1.1.5,Spray,Measurement,2024-07-05 14:57:53.627807,"['0-1', '1-2', '2-3', '3-4', '4-5', '5-6', '6-7', '7-8', '8-10', '10-11', '11-12', '12-13', '13-14', '14-15', '15-16', '16-17', '17-18', '18-19', '19-20', '20-21', '21-22', '22-23', '23-24', '24-25', '25-26', '26-27', '27-28', '28-29', '29-30', '30-300']","[0, 0, 0, 0, 0, 0, 0, 0, 0, 61, 0, 0, 0, 0, 0, 0, 0, 0, 0, 0, 0, 0, 0, 0, 0, 0, 0, 0, 0, 0]",61,White,10.0,10.0,True,1.0
1,1.1.1.3,1.1.1.5,Spray,Measurement,2024-07-05 14:57:53.627807,"['0-20', '20-21', '21-22', '22-23', '23-24', '24-25', '25-26', '26-27', '27-28', '28-30', '30-31', '31-32', '32-33', '33-34', '34-35', '35-36', '36-37', '37-38', '38-39', '39-40', '40-41', '41-42', '42-43', '43-44', '44-45', '45-46', '46-47', '47-48', '48-49', '49-50']","[0, 0, 0, 0, 0, 0, 0, 0, 0, 0, 61, 0, 0, 0, 0, 0, 0, 0, 0, 0, 0, 0, 0, 0, 0, 0, 0, 0, 0, 0]",61,White,30.0,30.0,True,1.0
1,1.1.1.4,1.1.1.5,Spray,Measurement,2024-07-05 14:57:53.627807,"['0-1', '1-2', '2-3', '3-4', '4-5', '5-6', '6-7', '7-8', '8-10', '10-11', '11-12', '12-13', '13-14', '14-15', '15-16', '16-17', '17-18', '18-19', '19-20', '20-21', '21-22', '22-23', '23-24', '24-25', '25-26', '26-27', '27-28', '28-29', '29-30', '30-300']","[0, 0, 0, 0, 0, 0, 0, 0, 0, 0, 0, 0, 0, 0, 61, 0, 0, 0, 0, 0, 0, 0, 0, 0, 0, 0, 0, 0, 0, 0]",61,White,15.0,15.0,True,1.0
1,1.1.1.2,1.1.1.1,Spray,Measurement,2024-07-05 14:57:59.628188,"['0-1', '1-2', '2-3', '3-4', '4-5', '5-6', '6-7', '7-8', '8-9', '9-10', '10-11', '11-12', '12-28', '28-44', '44-60', '60-76', '76-92', '92-108', '108-124', '124-140', '140-156', '156-172', '172-188', '188-204', '204-220', '220-236', '236-252', '252-268', '268-284', '284-300']","[0, 0, 0, 0, 0, 0, 0, 0, 0, 0, 60, 0, 0, 0, 0, 0, 0, 0, 0, 0, 0, 0, 0, 0, 0, 0, 0, 0, 0, 0]",60,Black,10.0,10.0,True,1.0
1,1.1.1.3,1.1.1.1,Spray,Measurement,2024-07-05 14:57:59.628188,"['0-2', '2-4', '4-6', '6-8', '8-10', '10-12', '12-14', '14-16', '16-18', '18-20', '20-22', '22-24', '24-28', '28-29', '29-30', '30-31', '31-32', '32-33', '33-34', '34-35', '35-36', '36-37', '37-38', '38-39', '39-40', '40-41', '41-42', '42-43', '43-50']","[0, 0, 0, 0, 0, 0, 0, 0, 0, 0, 0, 0, 0, 0, 0, 60, 0, 0, 0, 0, 0, 0, 0, 0, 0, 0, 0, 0, 0]",60,Black,30.0,30.0,True,1.0
1,1.1.1.4,1.1.1.1,Spray,Measurement,2024-07-05 14:57:59.628188,"['0-1', '1-2', '2-3', '3-4', '4-5', '5-6', '6-7', '7-8', '8-9', '9-10', '10-11', '11-14', '14-15', '15-16', '16-17', '17-35', '35-53', '53-71', '71-89', '89-107', '107-125', '125-143', '143-161', '161-179', '179-197', '197-215', '215-233', '233-251', '251-269', '269-300']","[0, 0, 0, 0, 0, 0, 0, 0, 0, 0, 0, 0, 0, 60, 0, 0, 0, 0, 0, 0, 0, 0, 0, 0, 0, 0, 0, 0, 0, 0]",60,Black,15.0,15.0,True,1.0
1,1.1.1.5,1.1.1.1,Spray,Measurement,2024-07-05 14:57:59.628188,"['0-8', '8-16', '16-18', '18-20', '20-21', '21-22', '22-23', '23-24', '24-25', '25-26', '26-27', '27-28', '28-30', '30-31', '31-32', '32-33', '33-34', '34-40', '40-46', '46-52', '52-58', '58-59', '59-60', '60-61', '61-62', '62-64', '64-66', '66-68', '68-72']","[0, 0, 0, 0, 19, 0, 0, 0, 0, 0, 0, 0, 0, 16, 0, 0, 0, 0, 0, 0, 0, 0, 0, 25, 0, 0, 0, 0, 0]",60,Black,20.0,60.0,True,1.0
1,1.1.1.1,1.1.1.2,Spray,Measurement,2024-07-05 14:57:59.628188,"['0-1', '1-2', '2-3', '3-4', '4-5', '5-6', '6-7', '7-8', '8-9', '9-10', '10-11', '11-12', '12-28', '28-44', '44-60', '60-76', '76-92', '92-108', '108-124', '124-140', '140-156', '156-172', '172-188', '188-204', '204-220', '220-236', '236-252', '252-268', '268-284', '284-300']","[0, 0, 0, 0, 0, 0, 0, 0, 0, 0, 60, 0, 0, 0, 0, 0, 0, 0, 0, 0, 0, 0, 0, 0, 0, 0, 0, 0, 0, 0]",60,Black,10.0,10.0,True,1.0
1,1.1.1.3,1.1.1.2,Spray,Measurement,2024-07-05 14:57:59.628188,"['0-2', '2-4', '4-6', '6-8', '8-10', '10-12', '12-14', '14-16', '16-18', '18-20', '20-22', '22-24', '24-38', '38-39', '39-40', '40-41', '41-42', '42-43', '43-44', '44-45', '45-46', '46-47', '47-48', '48-49', '49-50', '50-51', '51-52', '52-53', '53-60']","[0, 0, 0, 0, 0, 0, 0, 0, 0, 0, 0, 0, 0, 0, 0, 60, 0, 0, 0, 0, 0, 0, 0, 0, 0, 0, 0, 0, 0]",60,Black,40.0,40.0,True,1.0
1,1.1.1.4,1.1.1.2,Spray,Measurement,2024-07-05 14:57:59.628188,"['0-1', '1-2', '2-3', '3-4', '4-5', '5-6', '6-7', '7-8', '8-9', '9-10', '10-11', '11-12', '12-24', '24-25', '25-26', '26-27', '27-28', '28-29', '29-30', '30-31', '31-32', '32-33', '33-34', '34-35', '35-36', '36-37', '37-38', '38-39', '39-40']","[0, 0, 0, 0, 0, 0, 0, 0, 0, 0, 0, 0, 0, 0, 60, 0, 0, 0, 0, 0, 0, 0, 0, 0, 0, 0, 0, 0, 0]",60,Black,25.0,25.0,True,1.0
1,1.1.1.5,1.1.1.2,Spray,Measurement,2024-07-05 14:57:59.628188,"['0-1', '1-2', '2-3', '3-4', '4-5', '5-6', '6-7', '7-8', '8-9', '9-10', '10-11', '11-12', '12-28', '28-44', '44-60', '60-76', '76-92', '92-108', '108-124', '124-140', '140-156', '156-172', '172-188', '188-204', '204-220', '220-236', '236-252', '252-268', '268-284', '284-300']","[0, 0, 0, 0, 0, 0, 0, 0, 0, 0, 60, 0, 0, 0, 0, 0, 0, 0, 0, 0, 0, 0, 0, 0, 0, 0, 0, 0, 0, 0]",60,Black,10.0,10.0,True,1.0
1,1.1.1.1,1.1.1.3,Spray,Measurement,2024-07-05 14:57:59.628188,"['0-2', '2-4', '4-6', '6-8', '8-10', '10-12', '12-14', '14-16', '16-18', '18-20', '20-22', '22-24', '24-28', '28-29', '29-30', '30-31', '31-32', '32-33', '33-34', '34-35', '35-36', '36-37', '37-38', '38-39', '39-40', '40-41', '41-42', '42-43', '43-50']","[0, 0, 0, 0, 0, 0, 0, 0, 0, 0, 0, 0, 0, 0, 0, 60, 0, 0, 0, 0, 0, 0, 0, 0, 0, 0, 0, 0, 0]",60,Black,30.0,30.0,True,1.0
1,1.1.1.2,1.1.1.3,Spray,Measurement,2024-07-05 14:57:59.628188,"['0-2', '2-4', '4-6', '6-8', '8-10', '10-12', '12-14', '14-16', '16-18', '18-20', '20-22', '22-24', '24-38', '38-39', '39-40', '40-41', '41-42', '42-43', '43-44', '44-45', '45-46', '46-47', '47-48', '48-49', '49-50', '50-51', '51-52', '52-53', '53-60']","[0, 0, 0, 0, 0, 0, 0, 0, 0, 0, 0, 0, 0, 0, 0, 60, 0, 0, 0, 0, 0, 0, 0, 0, 0, 0, 0, 0, 0]",60,Black,40.0,40.0,True,1.0
1,1.1.1.4,1.1.1.3,Spray,Measurement,2024-07-05 14:57:59.628188,"['0-3', '3-6', '6-9', '9-12', '12-15', '15-18', '18-21', '21-24', '24-27', '27-30', '30-33', '33-36', '36-44', '44-45', '45-46', '46-47', '47-48', '48-49', '49-50', '50-51', '51-52', '52-53', '53-54', '54-55', '55-56', '56-57', '57-58', '58-59', '59-60']","[0, 0, 0, 0, 0, 0, 0, 0, 0, 0, 0, 0, 0, 0, 60, 0, 0, 0, 0, 0, 0, 0, 0, 0, 0, 0, 0, 0, 0]",60,Black,45.0,45.0,True,1.0
1,1.1.1.5,1.1.1.3,Spray,Measurement,2024-07-05 14:57:59.628188,"['0-2', '2-4', '4-6', '6-8', '8-10', '10-12', '12-14', '14-16', '16-18', '18-20', '20-22', '22-24', '24-28', '28-29', '29-30', '30-31', '31-32', '32-33', '33-34', '34-35', '35-36', '36-37', '37-38', '38-39', '39-40', '40-41', '41-42', '42-43', '43-50']","[0, 0, 0, 0, 0, 0, 0, 0, 0, 0, 0, 0, 0, 0, 0, 60, 0, 0, 0, 0, 0, 0, 0, 0, 0, 0, 0, 0, 0]",60,Black,30.0,30.0,True,1.0
1,1.1.1.1,1.1.1.4,Spray,Measurement,2024-07-05 14:57:59.628188,"['0-1', '1-2', '2-3', '3-4', '4-5', '5-6', '6-7', '7-8', '8-9', '9-10', '10-11', '11-14', '14-15', '15-16', '16-17', '17-35', '35-53', '53-71', '71-89', '89-107', '107-125', '125-143', '143-161', '161-179', '179-197', '197-215', '215-233', '233-251', '251-269', '269-300']","[0, 0, 0, 0, 0, 0, 0, 0, 0, 0, 0, 0, 0, 60, 0, 0, 0, 0, 0, 0, 0, 0, 0, 0, 0, 0, 0, 0, 0, 0]",60,Black,15.0,15.0,True,1.0
1,1.1.1.2,1.1.1.4,Spray,Measurement,2024-07-05 14:57:59.628188,"['0-1', '1-2', '2-3', '3-4', '4-5', '5-6', '6-7', '7-8', '8-9', '9-10', '10-11', '11-12', '12-24', '24-25', '25-26', '26-27', '27-28', '28-29', '29-30', '30-31', '31-32', '32-33', '33-34', '34-35', '35-36', '36-37', '37-38', '38-39', '39-40']","[0, 0, 0, 0, 0, 0, 0, 0, 0, 0, 0, 0, 0, 0, 60, 0, 0, 0, 0, 0, 0, 0, 0, 0, 0, 0, 0, 0, 0]",60,Black,25.0,25.0,True,1.0
1,1.1.1.3,1.1.1.4,Spray,Measurement,2024-07-05 14:57:59.628188,"['0-3', '3-6', '6-9', '9-12', '12-15', '15-18', '18-21', '21-24', '24-27', '27-30', '30-33', '33-36', '36-44', '44-45', '45-46', '46-47', '47-48', '48-49', '49-50', '50-51', '51-52', '52-53', '53-54', '54-55', '55-56', '56-57', '57-58', '58-59', '59-60']","[0, 0, 0, 0, 0, 0, 0, 0, 0, 0, 0, 0, 0, 0, 60, 0, 0, 0, 0, 0, 0, 0, 0, 0, 0, 0, 0, 0, 0]",60,Black,45.0,45.0,True,1.0
1,1.1.1.5,1.1.1.4,Spray,Measurement,2024-07-05 14:57:59.628188,"['0-1', '1-2', '2-3', '3-4', '4-5', '5-6', '6-7', '7-8', '8-9', '9-10', '10-11', '11-14', '14-15', '15-16', '16-17', '17-35', '35-53', '53-71', '71-89', '89-107', '107-125', '125-143', '143-161', '161-179', '179-197', '197-215', '215-233', '233-251', '251-269', '269-300']","[0, 0, 0, 0, 0, 0, 0, 0, 0, 0, 0, 0, 0, 60, 0, 0, 0, 0, 0, 0, 0, 0, 0, 0, 0, 0, 0, 0, 0, 0]",60,Black,15.0,15.0,True,1.0
1,1.1.1.1,1.1.1.5,Spray,Measurement,2024-07-05 14:57:59.628188,"['0-8', '8-16', '16-18', '18-20', '20-21', '21-22', '22-23', '23-24', '24-25', '25-26', '26-27', '27-28', '28-30', '30-31', '31-32', '32-33', '33-34', '34-40', '40-46', '46-52', '52-58', '58-59', '59-60', '60-61', '61-62', '62-64', '64-66', '66-68', '68-72']","[0, 0, 0, 0, 17, 0, 0, 0, 0, 0, 0, 0, 0, 27, 0, 0, 0, 0, 0, 0, 0, 0, 0, 16, 0, 0, 0, 0, 0]",60,Black,20.0,60.0,True,1.0
1,1.1.1.2,1.1.1.5,Spray,Measurement,2024-07-05 14:57:59.628188,"['0-1', '1-2', '2-3', '3-4', '4-5', '5-6', '6-7', '7-8', '8-9', '9-10', '10-11', '11-12', '12-28', '28-44', '44-60', '60-76', '76-92', '92-108', '108-124', '124-140', '140-156', '156-172', '172-188', '188-204', '204-220', '220-236', '236-252', '252-268', '268-284', '284-300']","[0, 0, 0, 0, 0, 0, 0, 0, 0, 0, 60, 0, 0, 0, 0, 0, 0, 0, 0, 0, 0, 0, 0, 0, 0, 0, 0, 0, 0, 0]",60,Black,10.0,10.0,True,1.0
1,1.1.1.3,1.1.1.5,Spray,Measurement,2024-07-05 14:57:59.628188,"['0-2', '2-4', '4-6', '6-8', '8-10', '10-12', '12-14', '14-16', '16-18', '18-20', '20-22', '22-24', '24-28', '28-29', '29-30', '30-31', '31-32', '32-33', '33-34', '34-35', '35-36', '36-37', '37-38', '38-39', '39-40', '40-41', '41-42', '42-43', '43-50']","[0, 0, 0, 0, 0, 0, 0, 0, 0, 0, 0, 0, 0, 0, 0, 60, 0, 0, 0, 0, 0, 0, 0, 0, 0, 0, 0, 0, 0]",60,Black,30.0,30.0,True,1.0
1,1.1.1.4,1.1.1.5,Spray,Measurement,2024-07-05 14:57:59.628188,"['0-1', '1-2', '2-3', '3-4', '4-5', '5-6', '6-7', '7-8', '8-9', '9-10', '10-11', '11-14', '14-15', '15-16', '16-17', '17-35', '35-53', '53-71', '71-89', '89-107', '107-125', '125-143', '143-161', '161-179', '179-197', '197-215', '215-233', '233-251', '251-269', '269-300']","[0, 0, 0, 0, 0, 0, 0, 0, 0, 0, 0, 0, 0, 60, 0, 0, 0, 0, 0, 0, 0, 0, 0, 0, 0, 0, 0, 0, 0, 0]",60,Black,15.0,15.0,True,1.0
2,1.1.1.2,1.1.1.1,Spray,Measurement,2024-07-05 14:59:43.667396,"['0-10', '10-20', '20-30', '30-40', '40-50', '50-60', '60-70', '70-80', '80-90', '90-100', '100-110', '110-120', '120-130', '130-140', '140-150', '150-160', '160-170', '170-180', '180-190', '190-200', '200-210', '210-220', '220-230', '230-240', '240-250', '250-260', '260-270', '270-280', '280-290', '290-300']","[0, 301, 0, 0, 0, 0, 0, 0, 0, 0, 0, 0, 0, 0, 0, 0, 0, 0, 0, 0, 0, 0, 0, 0, 0, 0, 0, 0, 0, 0]",301,White,10.0,10.0,True,5.0
2,1.1.1.3,1.1.1.1,Spray,Measurement,2024-07-05 14:59:43.667396,"['0-10', '10-20', '20-30', '30-40', '40-50', '50-60', '60-70', '70-80', '80-90', '90-100', '100-110', '110-120', '120-130', '130-140', '140-150', '150-160', '160-170', '170-180', '180-190', '190-200', '200-210', '210-220', '220-230', '230-240', '240-250', '250-260', '260-270', '270-280', '280-290', '290-300']","[0, 0, 0, 301, 0, 0, 0, 0, 0, 0, 0, 0, 0, 0, 0, 0, 0, 0, 0, 0, 0, 0, 0, 0, 0, 0, 0, 0, 0, 0]",301,White,30.0,30.0,True,5.0
2,1.1.1.4,1.1.1.1,Spray,Measurement,2024-07-05 14:59:43.667396,"['0-10', '10-20', '20-30', '30-40', '40-50', '50-60', '60-70', '70-80', '80-90', '90-100', '100-110', '110-120', '120-130', '130-140', '140-150', '150-160', '160-170', '170-180', '180-190', '190-200', '200-210', '210-220', '220-230', '230-240', '240-250', '250-260', '260-270', '270-280', '280-290', '290-300']","[0, 301, 0, 0, 0, 0, 0, 0, 0, 0, 0, 0, 0, 0, 0, 0, 0, 0, 0, 0, 0, 0, 0, 0, 0, 0, 0, 0, 0, 0]",301,White,15.0,15.0,True,5.0
2,1.1.1.5,1.1.1.1,Spray,Measurement,2024-07-05 14:59:43.667396,"['0-10', '10-20', '20-30', '30-40', '40-50', '50-60', '60-70', '70-80', '80-90', '90-100', '100-110', '110-120', '120-130', '130-140', '140-150', '150-160', '160-170', '170-180', '180-190', '190-200', '200-210', '210-220', '220-230', '230-240', '240-250', '250-260', '260-270', '270-280', '280-290', '290-300']","[0, 0, 78, 116, 0, 0, 107, 0, 0, 0, 0, 0, 0, 0, 0, 0, 0, 0, 0, 0, 0, 0, 0, 0, 0, 0, 0, 0, 0, 0]",301,White,20.0,60.0,True,5.0
2,1.1.1.1,1.1.1.2,Spray,Measurement,2024-07-05 14:59:43.667396,"['0-10', '10-20', '20-30', '30-40', '40-50', '50-60', '60-70', '70-80', '80-90', '90-100', '100-110', '110-120', '120-130', '130-140', '140-150', '150-160', '160-170', '170-180', '180-190', '190-200', '200-210', '210-220', '220-230', '230-240', '240-250', '250-260', '260-270', '270-280', '280-290', '290-300']","[0, 301, 0, 0, 0, 0, 0, 0, 0, 0, 0, 0, 0, 0, 0, 0, 0, 0, 0, 0, 0, 0, 0, 0, 0, 0, 0, 0, 0, 0]",301,White,10.0,10.0,True,5.0
2,1.1.1.3,1.1.1.2,Spray,Measurement,2024-07-05 14:59:43.667396,"['0-10', '10-20', '20-30', '30-40', '40-50', '50-60', '60-70', '70-80', '80-90', '90-100', '100-110', '110-120', '120-130', '130-140', '140-150', '150-160', '160-170', '170-180', '180-190', '190-200', '200-210', '210-220', '220-230', '230-240', '240-250', '250-260', '260-270', '270-280', '280-290', '290-300']","[0, 0, 0, 0, 301, 0, 0, 0, 0, 0, 0, 0, 0, 0, 0, 0, 0, 0, 0, 0, 0, 0, 0, 0, 0, 0, 0, 0, 0, 0]",301,White,40.0,40.0,True,5.0
2,1.1.1.4,1.1.1.2,Spray,Measurement,2024-07-05 14:59:43.667396,"['0-10', '10-20', '20-30', '30-40', '40-50', '50-60', '60-70', '70-80', '80-90', '90-100', '100-110', '110-120', '120-130', '130-140', '140-150', '150-160', '160-170', '170-180', '180-190', '190-200', '200-210', '210-220', '220-230', '230-240', '240-250', '250-260', '260-270', '270-280', '280-290', '290-300']","[0, 0, 301, 0, 0, 0, 0, 0, 0, 0, 0, 0, 0, 0, 0, 0, 0, 0, 0, 0, 0, 0, 0, 0, 0, 0, 0, 0, 0, 0]",301,White,25.0,25.0,True,5.0
2,1.1.1.5,1.1.1.2,Spray,Measurement,2024-07-05 14:59:43.667396,"['0-10', '10-20', '20-30', '30-40', '40-50', '50-60', '60-70', '70-80', '80-90', '90-100', '100-110', '110-120', '120-130', '130-140', '140-150', '150-160', '160-170', '170-180', '180-190', '190-200', '200-210', '210-220', '220-230', '230-240', '240-250', '250-260', '260-270', '270-280', '280-290', '290-300']","[0, 301, 0, 0, 0, 0, 0, 0, 0, 0, 0, 0, 0, 0, 0, 0, 0, 0, 0, 0, 0, 0, 0, 0, 0, 0, 0, 0, 0, 0]",301,White,10.0,10.0,True,5.0
2,1.1.1.1,1.1.1.3,Spray,Measurement,2024-07-05 14:59:43.667396,"['0-10', '10-20', '20-30', '30-40', '40-50', '50-60', '60-70', '70-80', '80-90', '90-100', '100-110', '110-120', '120-130', '130-140', '140-150', '150-160', '160-170', '170-180', '180-190', '190-200', '200-210', '210-220', '220-230', '230-240', '240-250', '250-260', '260-270', '270-280', '280-290', '290-300']","[0, 0, 0, 301, 0, 0, 0, 0, 0, 0, 0, 0, 0, 0, 0, 0, 0, 0, 0, 0, 0, 0, 0, 0, 0, 0, 0, 0, 0, 0]",301,White,30.0,30.0,True,5.0
2,1.1.1.2,1.1.1.3,Spray,Measurement,2024-07-05 14:59:43.667396,"['0-10', '10-20', '20-30', '30-40', '40-50', '50-60', '60-70', '70-80', '80-90', '90-100', '100-110', '110-120', '120-130', '130-140', '140-150', '150-160', '160-170', '170-180', '180-190', '190-200', '200-210', '210-220', '220-230', '230-240', '240-250', '250-260', '260-270', '270-280', '280-290', '290-300']","[0, 0, 0, 0, 301, 0, 0, 0, 0, 0, 0, 0, 0, 0, 0, 0, 0, 0, 0, 0, 0, 0, 0, 0, 0, 0, 0, 0, 0, 0]",301,White,40.0,40.0,True,5.0
2,1.1.1.4,1.1.1.3,Spray,Measurement,2024-07-05 14:59:43.667396,"['0-10', '10-20', '20-30', '30-40', '40-50', '50-60', '60-70', '70-80', '80-90', '90-100', '100-110', '110-120', '120-130', '130-140', '140-150', '150-160', '160-170', '170-180', '180-190', '190-200', '200-210', '210-220', '220-230', '230-240', '240-250', '250-260', '260-270', '270-280', '280-290', '290-300']","[0, 0, 0, 0, 301, 0, 0, 0, 0, 0, 0, 0, 0, 0, 0, 0, 0, 0, 0, 0, 0, 0, 0, 0, 0, 0, 0, 0, 0, 0]",301,White,45.0,45.0,True,5.0
2,1.1.1.5,1.1.1.3,Spray,Measurement,2024-07-05 14:59:43.667396,"['0-10', '10-20', '20-30', '30-40', '40-50', '50-60', '60-70', '70-80', '80-90', '90-100', '100-110', '110-120', '120-130', '130-140', '140-150', '150-160', '160-170', '170-180', '180-190', '190-200', '200-210', '210-220', '220-230', '230-240', '240-250', '250-260', '260-270', '270-280', '280-290', '290-300']","[0, 0, 0, 301, 0, 0, 0, 0, 0, 0, 0, 0, 0, 0, 0, 0, 0, 0, 0, 0, 0, 0, 0, 0, 0, 0, 0, 0, 0, 0]",301,White,30.0,30.0,True,5.0
2,1.1.1.1,1.1.1.4,Spray,Measurement,2024-07-05 14:59:43.667396,"['0-10', '10-20', '20-30', '30-40', '40-50', '50-60', '60-70', '70-80', '80-90', '90-100', '100-110', '110-120', '120-130', '130-140', '140-150', '150-160', '160-170', '170-180', '180-190', '190-200', '200-210', '210-220', '220-230', '230-240', '240-250', '250-260', '260-270', '270-280', '280-290', '290-300']","[0, 301, 0, 0, 0, 0, 0, 0, 0, 0, 0, 0, 0, 0, 0, 0, 0, 0, 0, 0, 0, 0, 0, 0, 0, 0, 0, 0, 0, 0]",301,White,15.0,15.0,True,5.0
2,1.1.1.2,1.1.1.4,Spray,Measurement,2024-07-05 14:59:43.667396,"['0-10', '10-20', '20-30', '30-40', '40-50', '50-60', '60-70', '70-80', '80-90', '90-100', '100-110', '110-120', '120-130', '130-140', '140-150', '150-160', '160-170', '170-180', '180-190', '190-200', '200-210', '210-220', '220-230', '230-240', '240-250', '250-260', '260-270', '270-280', '280-290', '290-300']","[0, 0, 301, 0, 0, 0, 0, 0, 0, 0, 0, 0, 0, 0, 0, 0, 0, 0, 0, 0, 0, 0, 0, 0, 0, 0, 0, 0, 0, 0]",301,White,25.0,25.0,True,5.0
2,1.1.1.3,1.1.1.4,Spray,Measurement,2024-07-05 14:59:43.667396,"['0-10', '10-20', '20-30', '30-40', '40-50', '50-60', '60-70', '70-80', '80-90', '90-100', '100-110', '110-120', '120-130', '130-140', '140-150', '150-160', '160-170', '170-180', '180-190', '190-200', '200-210', '210-220', '220-230', '230-240', '240-250', '250-260', '260-270', '270-280', '280-290', '290-300']","[0, 0, 0, 0, 301, 0, 0, 0, 0, 0, 0, 0, 0, 0, 0, 0, 0, 0, 0, 0, 0, 0, 0, 0, 0, 0, 0, 0, 0, 0]",301,White,45.0,45.0,True,5.0
2,1.1.1.5,1.1.1.4,Spray,Measurement,2024-07-05 14:59:43.667396,"['0-10', '10-20', '20-30', '30-40', '40-50', '50-60', '60-70', '70-80', '80-90', '90-100', '100-110', '110-120', '120-130', '130-140', '140-150', '150-160', '160-170', '170-180', '180-190', '190-200', '200-210', '210-220', '220-230', '230-240', '240-250', '250-260', '260-270', '270-280', '280-290', '290-300']","[0, 301, 0, 0, 0, 0, 0, 0, 0, 0, 0, 0, 0, 0, 0, 0, 0, 0, 0, 0, 0, 0, 0, 0, 0, 0, 0, 0, 0, 0]",301,White,15.0,15.0,True,5.0
2,1.1.1.1,1.1.1.5,Spray,Measurement,2024-07-05 14:59:43.667396,"['0-10', '10-20', '20-30', '30-40', '40-50', '50-60', '60-70', '70-80', '80-90', '90-100', '100-110', '110-120', '120-130', '130-140', '140-150', '150-160', '160-170', '170-180', '180-190', '190-200', '200-210', '210-220', '220-230', '230-240', '240-250', '250-260', '260-270', '270-280', '280-290', '290-300']","[0, 0, 97, 109, 0, 0, 95, 0, 0, 0, 0, 0, 0, 0, 0, 0, 0, 0, 0, 0, 0, 0, 0, 0, 0, 0, 0, 0, 0, 0]",301,White,20.0,60.0,True,5.0
2,1.1.1.2,1.1.1.5,Spray,Measurement,2024-07-05 14:59:43.667396,"['0-10', '10-20', '20-30', '30-40', '40-50', '50-60', '60-70', '70-80', '80-90', '90-100', '100-110', '110-120', '120-130', '130-140', '140-150', '150-160', '160-170', '170-180', '180-190', '190-200', '200-210', '210-220', '220-230', '230-240', '240-250', '250-260', '260-270', '270-280', '280-290', '290-300']","[0, 301, 0, 0, 0, 0, 0, 0, 0, 0, 0, 0, 0, 0, 0, 0, 0, 0, 0, 0, 0, 0, 0, 0, 0, 0, 0, 0, 0, 0]",301,White,10.0,10.0,True,5.0
2,1.1.1.3,1.1.1.5,Spray,Measurement,2024-07-05 14:59:43.667396,"['0-10', '10-20', '20-30', '30-40', '40-50', '50-60', '60-70', '70-80', '80-90', '90-100', '100-110', '110-120', '120-130', '130-140', '140-150', '150-160', '160-170', '170-180', '180-190', '190-200', '200-210', '210-220', '220-230', '230-240', '240-250', '250-260', '260-270', '270-280', '280-290', '290-300']","[0, 0, 0, 301, 0, 0, 0, 0, 0, 0, 0, 0, 0, 0, 0, 0, 0, 0, 0, 0, 0, 0, 0, 0, 0, 0, 0, 0, 0, 0]",301,White,30.0,30.0,True,5.0
2,1.1.1.4,1.1.1.5,Spray,Measurement,2024-07-05 14:59:43.667396,"['0-10', '10-20', '20-30', '30-40', '40-50', '50-60', '60-70', '70-80', '80-90', '90-100', '100-110', '110-120', '120-130', '130-140', '140-150', '150-160', '160-170', '170-180', '180-190', '190-200', '200-210', '210-220', '220-230', '230-240', '240-250', '250-260', '260-270', '270-280', '280-290', '290-300']","[0, 301, 0, 0, 0, 0, 0, 0, 0, 0, 0, 0, 0, 0, 0, 0, 0, 0, 0, 0, 0, 0, 0, 0, 0, 0, 0, 0, 0, 0]",301,White,15.0,15.0,True,5.0
